[
    {
        "id": 5,
        "nome": "3",
        "categoria": "3",
        "quantidade": 3
    },
    {
        "id": 6,
        "nome": "3",
        "categoria": "3",
        "quantidade": 3
    },
    {
        "id": 9,
        "nome": "9",
        "categoria": "9",
        "quantidade": 9
    },
    {
        "id": 13,
        "nome": "1",
        "categoria": "1",
        "quantidade": 1
    },
    {
        "id": 14,
        "nome": "1",
        "categoria": "1",
        "quantidade": 1
    },
    {
        "id": 15,
        "nome": "1",
        "categoria": "1",
        "quantidade": 1
    },
    {
        "id": 16,
        "nome": "5",
        "categoria": "5",
        "quantidade": 5
    },
    {
        "id": 17,
        "nome": "51",
        "categoria": "51",
        "quantidade": 51
    },
    {
        "id": 18,
        "nome": "1",
        "categoria": "1",
        "quantidade": 1
    },
    {
        "id": 20,
        "nome": "1",
        "categoria": "1",
        "quantidade": 1
    },
    {
        "id": 21,
        "nome": "1",
        "categoria": "1",
        "quantidade": 1
    },
    {
        "id": 22,
        "nome": "1",
        "categoria": "1",
        "quantidade": 1
    }
]